Name,Type,Problem,fixed YES/NO,,,,,,,,,,
condor A8,CELL,lcd,YES,,,,,,,,,,
iris i350,CELL,lcd,YES,,,,,,,,,,
samsung j5 pro,SMARTPHONE,lcd,YES,,,,,,,,,,
samsung M01,PAD,lcd,YES,,,,,,,,,,
cidea ,PAD,lock,YES,,,,,,,,,,
lg k10-2017,SMARTPHONE,frp,YES,,,,,,,,,,
lg xpower,SMARTPHONE,lock,YES,,,,,,,,,,
condor f1 mini,CELL,mic,YES,,,,,,,,,,
samsung j1 2016,SMARTPHONE,lcd,YES,,,,,,,,,,
stream b2s,SMARTPHONE,charge,YES,,,,,,,,,,
nokia 106,CELL,lcd,YES,,,,,,,,,,
condor A8,SMARTPHONE,off,NO,,,,,,,,,,
samsung A11,SMARTPHONE,lcd,YES,,,,,,,,,,
lg k7,SMARTPHONE,lcd,NO,,,,,,,,,,
starlight m08,CELL,charge,YES,,,,,,,,,,
samsung p5100,PAD,battery,YES,,,,,,,,,,
samsung G532,SMARTPHONE,charge,YES,,,,,,,,,,
condor g6,SMARTPHONE,flash,YES,,,,,,,,,,
samsung s6,SMARTPHONE,flash,YES,,,,,,,,,,
starlight m08,CELL,charge,YES,,,,,,,,,,
samsung e1287t,CELL,mic,YES,,,,,,,,,,
condor m3 lite,SMARTPHONE,lcd,YES,,,,,,,,,,
raylan china,CELL,mic,YES,,,,,,,,,,
condor 718,PAD,flash,YES,,,,,,,,,,
starlight cnote,SMARTPHONE,touch,YES,,,,,,,,,,
oppo a5s ,SMARTPHONE,lcd,YES,,,,,,,,,,
nokia 106,CELL,lcd,YES,,,,,,,,,,
oppo a37,SMARTPHONE,lcd,YES,,,,,,,,,,
nokia 1280,CELL,mic,YES,,,,,,,,,,
wise-tech,CELL,lcd,YES,,,,,,,,,,
iris g7050,PAD,off,NO,,,,,,,,,,
starlight cnote,SMARTPHONE,lock,YES,,,,,,,,,,
stream b3 max,SMARTPHONE,frp,YES,,,,,,,,,,
lenovo a319,SMARTPHONE,flash,YES,,,,,,,,,,
doogee x11,SMARTPHONE,off,YES,,,,,,,,,,
samsung j330,SMARTPHONE,frp,YES,,,,,,,,,,
huawei y9s,SMARTPHONE,lcd,YES,,,,,,,,,,
lg k8,SMARTPHONE,flash,NO,,,,,,,,,,
infinix smart 4,SMARTPHONE,lcd,YES,,,,,,,,,,
oppo a15,SMARTPHONE,lock,YES,,,,,,,,,,
condor 717,PAD,touch,YES,,,,,,,,,,
samsung j6,SMARTPHONE,lcd,YES,,,,,,,,,,
samsung a12,SMARTPHONE,lcd,YES,,,,,,,,,,
samsung j5 prime,SMARTPHONE,frp,YES,,,,,,,,,,
condor p6 pro lte,SMARTPHONE,charge,YES,,,,,,,,,,
samsung b310 ,CELL,charge,YES,,,,,,,,,,
condor f5,CELL,mic,YES,,,,,,,,,,
samsung g532f,SMARTPHONE,frp,YES,,,,,,,,,,
samsung j415f,SMARTPHONE,flash,YES,,,,,,,,,,
 wise-tech a3+ ,CELL,lcd,YES,,,,,,,,,,
nokia 108,CELL,sound,YES,,,,,,,,,,
condor a8,SMARTPHONE,off,NO,,,,,,,,,,
samsung j710f,SMARTPHONE,charge,YES,,,,,,,,,,
oppo f1s,SMARTPHONE,lcd,YES,,,,,,,,,,
condor g6,SMARTPHONE,charge,YES,,,,,,,,,,
samsung j7 ,SMARTPHONE,lcd,YES,,,,,,,,,,
samsung m30,SMARTPHONE,lcd,YES,,,,,,,,,,
lg stylus2,SMARTPHONE,lcd,YES,,,,,,,,,,
kiowa x4,SMARTPHONE,flash,YES,,,,,,,,,,
samsung a02,SMARTPHONE,lcd,YES,,,,,,,,,,
samsung b310,CELL,lcd,YES,,,,,,,,,,
nokia 105,CELL,lcd,YES,,,,,,,,,,
samsung g532f,SMARTPHONE,charge,NO,,,,,,,,,,
cidea ,PAD,touch,YES,,,,,,,,,,
condor l2 pro,SMARTPHONE,lcd,YES,,,,,,,,,,
samsung b310,CELL,lcd,YES,,,,,,,,,,
samsung b310,CELL,mic,YES,,,,,,,,,,
lg k8,SMARTPHONE,frp,YES,,,,,,,,,,
nokia 106,CELL,mic,YES,,,,,,,,,,
condor p8 pro,SMARTPHONE,charge,YES,,,,,,,,,,
samsung j4+,SMARTPHONE,off,YES,,,,,,,,,,
samsung j320f,SMARTPHONE,frp,YES,,,,,,,,,,
samsung b310,CELL,lock,YES,,,,,,,,,,
alcatel shine,SMARTPHONE,charge,YES,,,,,,,,,,
samsung j7 max ,SMARTPHONE,lcd,YES,,,,,,,,,,
samsung j4 core,SMARTPHONE,lcd,YES,,,,,,,,,,
samsung s5830,SMARTPHONE,mic,YES,,,,,,,,,,
samsung m20,SMARTPHONE,lcd,YES,,,,,,,,,,
doogee x11,SMARTPHONE,off,NO,,,,,,,,,,
samsung j510f,SMARTPHONE,off,NO,,,,,,,,,,
samsung m20,SMARTPHONE,lcd,YES,,,,,,,,,,
nokia 106,CELL,lcd,YES,,,,,,,,,,
condor m3,SMARTPHONE,charge,YES,,,,,,,,,,
condor a8 ,SMARTPHONE,charge,YES,,,,,,,,,,
iris is4,SMARTPHONE,off,NO,,,,,,,,,,
samsung m10,SMARTPHONE,frp,YES,,,,,,,,,,
samsung j4+,SMARTPHONE,frp,YES,,,,,,,,,,
samsung b310,CELL,charge,YES,,,,,,,,,,
condor t9,SMARTPHONE,charge,YES,,,,,,,,,,
redmi 8 ,SMARTPHONE,off,YES,,,,,,,,,,
huawei y7 prime 2018,SMARTPHONE,flash,NO,,,,,,,,,,
samsung j260,SMARTPHONE,off,NO,,,,,,,,,,
samsung m20,SMARTPHONE,lcd,YES,,,,,,,,,,
oppo a37,SMARTPHONE,lcd,YES,,,,,,,,,,
condor 717,PAD,charge,YES,,,,,,,,,,
samsung m30,SMARTPHONE,lcd,YES,,,,,,,,,,
starlight c note ,SMARTPHONE,touch,YES,,,,,,,,,,
condor p4 +,SMARTPHONE,off,NO,,,,,,,,,,
samsung m02s,SMARTPHONE,lcd,YES,,,,,,,,,,
samsung j4+ ,SMARTPHONE,charge,YES,,,,,,,,,,
huawei p20 pro,SMARTPHONE,frp,YES,,,,,,,,,,
samsung j6,SMARTPHONE,frp,NO,,,,,,,,,,
samsung b310,CELL,charge,YES,,,,,,,,,,
condor p6 pro,SMARTPHONE,flash,NO,,,,,,,,,,
nokia 1280,CELL,lcd,YES,,,,,,,,,,
condor l1,SMARTPHONE,charge,NO,,,,,,,,,,
samsung j6+,SMARTPHONE,charge,YES,,,,,,,,,,
samsung a20,SMARTPHONE,frp,YES,,,,,,,,,,
condor a8,SMARTPHONE,flash,NO,,,,,,,,,,
huawei nova 4 ,SMARTPHONE,lcd,YES,,,,,,,,,,
samsung b310,CELL,lcd,YES,,,,,,,,,,
condor h1,SMARTPHONE,camera,NO,,,,,,,,,,
samsung g532,SMARTPHONE,sound ,YES,,,,,,,,,,
samsung b310,SMARTPHONE,lcd,YES,,,,,,,,,,
iris is3 + ,SMARTPHONE,touch,YES,,,,,,,,,,
huawei honor7c ,SMARTPHONE,charge,YES,,,,,,,,,,
samsung m20,SMARTPHONE,lcd,YES,,,,,,,,,,
condor g5,SMARTPHONE,charge,YES,,,,,,,,,,
raylan,CELL,charge,NO,,,,,,,,,,
doogee x5 ,SMARTPHONE,charge,YES,,,,,,,,,,
samsung j5-2016,SMARTPHONE,lcd,YES,,,,,,,,,,
condor 717,PAD,charge,YES,,,,,,,,,,
samsung j7pro,SMARTPHONE,lcd,YES,,,,,,,,,,
samsung m11,SMARTPHONE,charge,YES,,,,,,,,,,
condor a8,SMARTPHONE,off,YES,,,,,,,,,,
condor p8 ,SMARTPHONE,frp,YES,,,,,,,,,,
samsung a20,SMARTPHONE,lcd,YES,,,,,,,,,,
huawei y6-2 ,SMARTPHONE,battery,YES,,,,,,,,,,
samsung b310,CELL,flash arabic,NO,,,,,,,,,,
samsung a10,SMARTPHONE,lcd,YES,,,,,,,,,,
samsung g532,SMARTPHONE,touch,YES,,,,,,,,,,
oppo a5s,SMARTPHONE,lcd,YES,,,,,,,,,,
lg xpower2,SMARTPHONE,battery,YES,,,,,,,,,,
condor a8,SMARTPHONE,charge,NO,,,,,,,,,,
samsung a10s,SMARTPHONE,lcd,YES,,,,,,,,,,
oppo a1k,SMARTPHONE,lcd,YES,,,,,,,,,,
huawei y6p,SMARTPHONE,lcd,YES,,,,,,,,,,
huawei y7-prime-2018,SMARTPHONE,lcd,YES,,,,,,,,,,
condor p6pro,SMARTPHONE,off,YES,,,,,,,,,,
condor p6pro,SMARTPHONE,lcd,YES,,,,,,,,,,
samsung j5pro,SMARTPHONE,mic,YES,,,,,,,,,,
condor f5,CELL,mic,YES,,,,,,,,,,
samsung g350,CELL,charge,NO,,,,,,,,,,
condor p6prolte,SMARTPHONE,off,YES,,,,,,,,,,
oppo f11,SMARTPHONE,lcd,YES,,,,,,,,,,
lg xpower2 ,SMARTPHONE,lcd,YES,,,,,,,,,,
huawei y72017,SMARTPHONE,lcd,YES,,,,,,,,,,
oppo a1k,SMARTPHONE,lcd,YES,,,,,,,,,,
cidea,PAD,touch,YES,,,,,,,,,,
condor ftrois,CELL,charge,YES,,,,,,,,,,
condor p6pro,SMARTPHONE,charge,YES,,,,,,,,,,
samsung g532,SMARTPHONE,frp,YES,,,,,,,,,,
samsung b350,CELL,charge,YES,,,,,,,,,,
lg k7,SMARTPHONE,off,NO,,,,,,,,,,
lg xpower,SMARTPHONE,off,NO,,,,,,,,,,
samsung b310,CELL,off,YES,,,,,,,,,,
doogee x5,SMARTPHONE,touch,YES,,,,,,,,,,
condor c4+,SMARTPHONE,off,NO,,,,,,,,,,
condor ftrois,CELL,sound,YES,,,,,,,,,,
lenovo a319,SMARTPHONE,flash,YES,,,,,,,,,,
cidea,PAD,touch,YES,,,,,,,,,,
lg q6,SMARTPHONE,lcd,YES,,,,,,,,,,
condor p6pro ,SMARTPHONE,lcd,YES,,,,,,,,,,
samsung j4plus,SMARTPHONE,frp,YES,,,,,,,,,,
samsung e1200,CELL,mic,YES,,,,,,,,,,
cidea ,PAD,touch,YES,,,,,,,,,,
lg stylus3,SMARTPHONE,charge,YES,,,,,,,,,,
samsung j4+,SMARTPHONE,flash,NO,,,,,,,,,,
samsung m11,SMARTPHONE,lcd,YES,,,,,,,,,,
huawei honor7a,SMARTPHONE,battery,YES,,,,,,,,,,
stream b1s,SMARTPHONE,flash,YES,,,,,,,,,,
samsung b310,CELL,mic,YES,,,,,,,,,,
iris vox5,SMARTPHONE,touch,YES,,,,,,,,,,
samsung e1232,CELL,flash,YES,,,,,,,,,,
condor p6 pro,SMARTPHONE,mic,YES,,,,,,,,,,
samsung j250f,SMARTPHONE,lcd,YES,,,,,,,,,,
samsung j8,SMARTPHONE,lcd,YES,,,,,,,,,,
redmi 8a,SMARTPHONE,off,NO,,,,,,,,,,
condor g2s,SMARTPHONE,off,NO,,,,,,,,,,
oppo A3S,SMARTPHONE,lcd,YES,,,,,,,,,,
sony d2303,SMARTPHONE,lock,NO,,,,,,,,,,
oppo a5s,SMARTPHONE,lcd,YES,,,,,,,,,,
samsung b310,CELL,flash arabic,YES,,,,,,,,,,
cidea,PAD,touch,YES,,,,,,,,,,
condor 718 ,PAD,charge,YES,,,,,,,,,,
samsung a750,SMARTPHONE,charge,YES,,,,,,,,,,
oppo a12,SMARTPHONE,lock,YES,,,,,,,,,,
samsung j250,SMARTPHONE,lcd,YES,,,,,,,,,,
condor t3,SMARTPHONE,flash,YES,,,,,,,,,,
condor g2s,SMARTPHONE,off,NO,,,,,,,,,,
iris s4s,SMARTPHONE,touch,YES,,,,,,,,,,
lg stylus 3,SMARTPHONE,flash,NO,,,,,,,,,,
cidea,PAD,off,YES,,,,,,,,,,
huawei p10 lite,SMARTPHONE,sound,YES,,,,,,,,,,
nokia 130,CELL,lcd,YES,,,,,,,,,,
condor m1+charge,SMARTPHONE,charge,YES,,,,,,,,,,
condor l2 pro,SMARTPHONE,charge,YES,,,,,,,,,,
samsung g532f,SMARTPHONE,off,NO,,,,,,,,,,
condor a8,SMARTPHONE,mic,YES,,,,,,,,,,
oppo f1s,SMARTPHONE,lock,YES,,,,,,,,,,
condor p8 pro,SMARTPHONE,off,YES,,,,,,,,,,
samsung j7 prime,SMARTPHONE,lcd,YES,,,,,,,,,,
samsung a10,SMARTPHONE,lcd,YES,,,,,,,,,,
cidea,PAD,off,YES,,,,,,,,,,
samsung b310,CELL,mic,YES,,,,,,,,,,
samsung g532,SMARTPHONE,off,NO,,,,,,,,,,
nokia c1,CELL,off,NO,,,,,,,,,,
doogee x53,SMARTPHONE,touch,NO,,,,,,,,,,
samsung a21s,SMARTPHONE,lcd,YES,,,,,,,,,,
samsung a02s ,SMARTPHONE,charge,NO,,,,,,,,,,
redmi 9c,SMARTPHONE,lock,YES,,,,,,,,,,
oppo a5s,SMARTPHONE,lcd,YES,,,,,,,,,,
benzo,PAD,touch,YES,,,,,,,,,,
condor c2,SMARTPHONE,lock,YES,,,,,,,,,,
starlight m08,CELL,lcd,YES,,,,,,,,,,
condor t5,SMARTPHONE,touch,YES,,,,,,,,,,
honor 8x,SMARTPHONE,lcd,YES,,,,,,,,,,
redmi 9a,SMARTPHONE,lock,YES,,,,,,,,,,
samsung a30,SMARTPHONE,lcd,YES,,,,,,,,,,
samsung b350,SMARTPHONE,lcd,YES,,,,,,,,,,
iris i350,CELL,off,YES,,,,,,,,,,
lg xpower 3,SMARTPHONE,lcd,YES,,,,,,,,,,
samsung j250,SMARTPHONE,charge,YES,,,,,,,,,,
samsung j5 2016,SMARTPHONE,frp,YES,,,,,,,,,,
samsung b310,CELL,lcd,YES,,,,,,,,,,
condor g5,SMARTPHONE,off,NO,,,,,,,,,,
condor p6 pro,SMARTPHONE,frp,YES,,,,,,,,,,w
cidea,PAD,touch,YES,,,,,,,,,,
condor f6 ,CELL,lcd,YES,,,,,,,,,,
condor a8,SMARTPHONE,charge,YES,,,,,,,,,,
cidea ,PAD,lock,YES,,,,,,,,,,
samsung i9060,SMARTPHONE,charge,YES,,,,,,,,,,
wiko lenny 2,SMARTPHONE,charge,YES,,,,,,,,,,
lg stylus 3,SMARTPHONE,charge,YES,,,,,,,,,,
nokia 105,CELL,flash arabic,YES,,,,,,,,,,
condor p6 pro ,SMARTPHONE,lcd,YES,,,,,,,,,,
poco m3,SMARTPHONE,off,NO,,,,,,,,,,
tecno spark 4,SMARTPHONE,lcd,YES,,,,,,,,,,
samsung g350,SMARTPHONE,charge,YES,,,,,,,,,,
condor t7,SMARTPHONE,lcd,NO,,,,,,,,,,
condor f6,CELL,lcd,YES,,,,,,,,,,
starlight i star,SMARTPHONE,off,NO,,,,,,,,,,
lg k11 plus,SMARTPHONE,lcd,YES,,,,,,,,,,
samsung j4,SMARTPHONE,lcd,YES,,,,,,,,,,
condor t5,SMARTPHONE,charge,YES,,,,,,,,,,
doogee x11,SMARTPHONE,charge,NO,,,,,,,,,,
samsung j7 max,SMARTPHONE,lcd,YES,,,,,,,,,,
samsung s6,SMARTPHONE,charge,NO,,,,,,,,,,
condor m3,SMARTPHONE,lcd,YES,,,,,,,,,,
samsung b310,CELL,lock,YES,,,,,,,,,,
starlight c note ,SMARTPHONE,charge,YES,,,,,,,,,,
condor a8,SMARTPHONE,charge,YES,,,,,,,,,,
samsung a10s,SMARTPHONE,lcd,YES,,,,,,,,,,
samsung b310,CELL,lcd,YES,,,,,,,,,,
infinix smart 5,SMARTPHONE,lcd,YES,,,,,,,,,,
iris vox pop pro,SMARTPHONE,touch,YES,,,,,,,,,,
samsung a02 ,SMARTPHONE,battery,YES,,,,,,,,,,
samsung a01 core,SMARTPHONE,lcd,YES,,,,,,,,,,
samsung s7,SMARTPHONE,frp,YES,,,,,,,,,,
condor t4,SMARTPHONE,charge,YES,,,,,,,,,,
samsung a12,SMARTPHONE,frp,NO,,,,,,,,,,
samsung a50,SMARTPHONE,charge,NO,,,,,,,,,,
samsung m30,SMARTPHONE,lcd,YES,,,,,,,,,,
samsung a10,SMARTPHONE,frp,YES,,,,,,,,,,
iris 7020,PAD,charge,NO,,,,,,,,,,
huawei y5,SMARTPHONE,battery,YES,,,,,,,,,,
oppo f1s ,SMARTPHONE,lcd,YES,,,,,,,,,,
condor tab 710,PAD,touch,YES,,,,,,,,,,
samsung m30,SMARTPHONE,lcd,YES,,,,,,,,,,
nokia 130,CELL,flash,YES,,,,,,,,,,
doogee x10,SMARTPHONE,flash,YES,,,,,,,,,,
wise-tech a3+,CELL,lcd,NO,,,,,,,,,,
samsung j4+,SMARTPHONE,lcd,YES,,,,,,,,,,
samsung j7 pro,SMARTPHONE,lcd,YES,,,,,,,,,,
condor 706,PAD,lcd,YES,,,,,,,,,,
samsung a6,SMARTPHONE,lcd,YES,,,,,,,,,,
oppo f3,SMARTPHONE,lcd,YES,,,,,,,,,,
samsung j4+,SMARTPHONE,lcd,YES,,,,,,,,,,
samsung b310,CELL,lcd,YES,,,,,,,,,,
doogee x5,SMARTPHONE,off,NO,,,,,,,,,,
samsung g350,SMARTPHONE,charge,YES,,,,,,,,,,
condor p8 lite ,SMARTPHONE,battery,YES,,,,,,,,,,
condor p8 pro,SMARTPHONE,lcd,YES,,,,,,,,,,
condor t4,SMARTPHONE,touch,NO,,,,,,,,,,
condor tab 801g ,PAD,touch,YES,,,,,,,,,,
condor t6,SMARTPHONE,touch,NO,,,,,,,,,,
iris is6 +,SMARTPHONE,frp,YES,,,,,,,,,,
starlight m11,CELL,lcd,YES,,,,,,,,,,
huawei y6 prime 2018,SMARTPHONE,lcd ,YES,,,,,,,,,,
samsung a6+,SMARTPHONE,lcd,YES,,,,,,,,,,
condor l2,SMARTPHONE,charge,YES,,,,,,,,,,
samsung j4,SMARTPHONE,frp,YES,,,,,,,,,,
samsung b310,SMARTPHONE,mic,YES,,,,,,,,,,
samsung a10,SMARTPHONE,lcd,YES,,,,,,,,,,
condor a8,SMARTPHONE,lcd,YES,,,,,,,,,,
condor m3,SMARTPHONE,charge,YES,,,,,,,,,,
huawei honor 8x,SMARTPHONE,lcd,YES,,,,,,,,,,
huawei honor 10 lite,SMARTPHONE,battery,YES,,,,,,,,,,
condor l2,SMARTPHONE,charge,YES,,,,,,,,,,
condor p7 plus,SMARTPHONE,off,NO,,,,,,,,,,
ace zip 1,CELL,mic,YES,,,,,,,,,,
condor p8 lite,SMARTPHONE,charge,YES,,,,,,,,,,
lg k11+,SMARTPHONE,lcd,YES,,,,,,,,,,
samsung a11,SMARTPHONE,lcd,YES,,,,,,,,,,
condor 710,PAD,touch,YES,,,,,,,,,,
samsung j7 prime,SMARTPHONE,lcd,YES,,,,,,,,,,
lenovo a319,SMARTPHONE,flash,YES,,,,,,,,,,
redmi 9,SMARTPHONE,lock,YES,,,,,,,,,,
lg xpower 2,SMARTPHONE,lcd,NO,,,,,,,,,,
condor h1,SMARTPHONE,charge,YES,,,,,,,,,,
condor T3,SMARTPHONE,off,YES,,,,,,,,,,
samsung m11,SMARTPHONE,lcd,YES,,,,,,,,,,
samsung s4,SMARTPHONE,off,NO,,,,,,,,,,
lg k4,SMARTPHONE,lcd,YES,,,,,,,,,,
wise-tech a3+,CELL,mic,YES,,,,,,,,,,
condor fsnroir,CELL,lcd,YES,,,,,,,,,,
condor t4,SMARTPHONE,touch,YES,,,,,,,,,,
samsung e1087,CELL,mic,YES,,,,,,,,,,
lg xpower2,SMARTPHONE,battery,YES,,,,,,,,,,
samsung b310,CELL,lcd,YES,,,,,,,,,,
huawei y9 2019,SMARTPHONE,lcd,YES,,,,,,,,,,
starlight m11,CELL,charge,NO,,,,,,,,,,
samsung e2252,CELL,charge,YES,,,,,,,,,,
condor t3,SMARTPHONE,lock,YES,,,,,,,,,,
condor a8,SMARTPHONE,lcd,YES,,,,,,,,,,
lg q6,SMARTPHONE,lcd,YES,,,,,,,,,,
tecno pop3,SMARTPHONE,lcd,YES,,,,,,,,,,
redmi 8a,SMARTPHONE,off,NO,,,,,,,,,,
redmi 7a ,SMARTPHONE,lcd,YES,,,,,,,,,,
condor l4 ,SMARTPHONE,lcd,YES,,,,,,,,,,
redmi 9 ,SMARTPHONE,lcd,YES,,,,,,,,,,
samsung j5 2016,SMARTPHONE,charge,YES,,,,,,,,,,
samsung m20,SMARTPHONE,lcd,YES,,,,,,,,,,
condor p7plus,SMARTPHONE,off,NO,,,,,,,,,,
condor 710,PAD,touch,YES,,,,,,,,,,
samsung a10s,SMARTPHONE,flash,YES,,,,,,,,,,
condor t3,SMARTPHONE,lock,NO,,,,,,,,,,
condor 717,PAD,touch,YES,,,,,,,,,,
nokia 106,CELL,off,YES,,,,,,,,,,
condor ftrois ,CELL,mic,YES,,,,,,,,,,
redmi note8,SMARTPHONE,flash,NO,,,,,,,,,,
condor a8,SMARTPHONE,battery,YES,,,,,,,,,,
samsung a10s,SMARTPHONE,lcd,YES,,,,,,,,,,
samsung j7 pro,SMARTPHONE,lcd,YES,,,,,,,,,,
samsung j4,SMARTPHONE,lcd,YES,,,,,,,,,,
condor h1,SMARTPHONE,battery,YES,,,,,,,,,,
wise-tech a3+,CELL,lcd,YES,,,,,,,,,,
samsung g532,SMARTPHONE,charge,YES,,,,,,,,,,
huawei y62,SMARTPHONE,off,NO,,,,,,,,,,
huawei y7 prime ,SMARTPHONE,lcd,YES,,,,,,,,,,
samsung m20,SMARTPHONE,lcd,YES,,,,,,,,,,
redmi 7a,SMARTPHONE,charge,YES,,,,,,,,,,
samsung m10,SMARTPHONE,frp,YES,,,,,,,,,,
condor t7,SMARTPHONE,lcd,YES,,,,,,,,,,
honor 8x,SMARTPHONE,lcd,YES,,,,,,,,,,
honor buzz2plus,SMARTPHONE,lcd,YES,,,,,,,,,,
samsung j5 pro,SMARTPHONE,lcd,YES,,,,,,,,,,
cidea,PAD,charge,YES,,,,,,,,,,
redmi 9,SMARTPHONE,lock,YES,,,,,,,,,,
samsung a01core,SMARTPHONE,charge,YES,,,,,,,,,,
oppo f9,SMARTPHONE,lock,YES,,,,,,,,,,
condor c8,SMARTPHONE,lcd,NO,,,,,,,,,,
samsung b310,CELL,lcd,YES,,,,,,,,,,
iris is2s,SMARTPHONE,touch,YES,,,,,,,,,,
condor 711,PAD,touch,YES,,,,,,,,,,
samsung b310,CELL,lcd,YES,,,,,,,,,,
samsung b350,CELL,lcd,YES,,,,,,,,,,
oppo f7,SMARTPHONE,lcd,YES,,,,,,,,,,
condor 717,PAD,off,NO,,,,,,,,,,
condor 801,PAD,touch,YES,,,,,,,,,,
samsung a10s,SMARTPHONE,lock,YES,,,,,,,,,,
samsung b310,CELL,lcd,YES,,,,,,,,,,
starlight m09,CELL,sound,YES,,,,,,,,,,
poco c3,SMARTPHONE,off,YES,,,,,,,,,,
samsung c7,SMARTPHONE,flash,NO,,,,,,,,,,
oppo a37,SMARTPHONE,lcd,YES,,,,,,,,,,
samsung j250,SMARTPHONE,lcd,YES,,,,,,,,,,
samsung g532,SMARTPHONE,lcd,YES,,,,,,,,,,
samsung b310,CELL,lcd,YES,,,,,,,,,,
condor t8+,SMARTPHONE,touch,YES,,,,,,,,,,
condor p4+,SMARTPHONE,frp,YES,,,,,,,,,,
cidea,PAD,battery,YES,,,,,,,,,,
redmi note8pro,SMARTPHONE,frp,YES,,,,,,,,,,
condor p8,SMARTPHONE,charge,YES,,,,,,,,,,
samsung b310,CELL,off,YES,,,,,,,,,,
samsung a11,SMARTPHONE,lcd,YES,,,,,,,,,,
condor 711,PAD,touch,YES,,,,,,,,,,
samsung b310,CELL,flash,YES,,,,,,,,,,
cidea,PAD,battery,YES,,,,,,,,,,
samsung j5pro,SMARTPHONE,lcd,YES,,,,,,,,,,
doogee x5,SMARTPHONE,charge,YES,,,,,,,,,,
samsung j3,SMARTPHONE,frp,YES,,,,,,,,,,
huawei y7prime,SMARTPHONE,lcd,YES,,,,,,,,,,
iris is250,CELL,lcd,NO,,,,,,,,,,
oppo a1k,SMARTPHONE,lcd,YES,,,,,,,,,,
condor 718,PAD,off,YES,,,,,,,,,,
condor m3lite,SMARTPHONE,lcd,YES,,,,,,,,,,
samsung b310,CELL,lcd,YES,,,,,,,,,,
samsung a30,SMARTPHONE,lcd,YES,,,,,,,,,,
samsung j5prime,SMARTPHONE,lcd,YES,,,,,,,,,,
samsung m20,SMARTPHONE,lcd,YES,,,,,,,,,,
huawei y9prime2019,SMARTPHONE,lcd,YES,,,,,,,,,,
samsung a50,SMARTPHONE,lcd,YES,,,,,,,,,,
condor p6prolte,SMARTPHONE,charge,YES,,,,,,,,,,
samsung b310,CELL,charge,YES,,,,,,,,,,
redmi 9,SMARTPHONE,off,NO,,,,,,,,,,
condor p6prolte,SMARTPHONE,charge,YES,,,,,,,,,,
nokia 106,CELL,lock,YES,,,,,,,,,,
samsung a10s,SMARTPHONE,lcd,YES,,,,,,,,,,
samsung  a02 core ,SMARTPHONE,battery,YES,,,,,,,,,,
redmi 7a,SMARTPHONE,flash,YES,,,,,,,,,,
condor a8,SMARTPHONE,charge,YES,,,,,,,,,,
samsung j250,SMARTPHONE,lcd,YES,,,,,,,,,,
samsung a10,SMARTPHONE,lcd,YES,,,,,,,,,,
oppo a37,SMARTPHONE,lcd,YES,,,,,,,,,,
redmi note9,SMARTPHONE,lcd,YES,,,,,,,,,,
nokia 108,CELL,lcd,YES,,,,,,,,,,
oppo f9,SMARTPHONE,lcd,YES,,,,,,,,,,
samsung m11,SMARTPHONE,frp,YES,,,,,,,,,,
redmi note10,SMARTPHONE,frp,YES,,,,,,,,,,
oppo f9,SMARTPHONE,lock,YES,,,,,,,,,,
condor fsenoir,CELL,charge,YES,,,,,,,,,,
lg xpower,SMARTPHONE,flash,YES,,,,,,,,,,
starlight m27,CELL,charge,YES,,,,,,,,,,
samsung s10+,SMARTPHONE,lock,YES,,,,,,,,,,
lg k4,SMARTPHONE,lcd,YES,,,,,,,,,,
oppo f9,SMARTPHONE,lcd,YES,,,,,,,,,,
lg xpower1,SMARTPHONE,lcd,YES,,,,,,,,,,
samsung g532,SMARTPHONE,flash,YES,,,,,,,,,,
condor p6pro,SMARTPHONE,lcd,YES,,,,,,,,,,
samsung j4+,SMARTPHONE,lcd,YES,,,,,,,,,,
samsung b310,CELL,mic,YES,,,,,,,,,,
condor f4,CELL,lcd,YES,,,,,,,,,,
condor p6prolte,SMARTPHONE,charge,YES,,,,,,,,,,
condor p6prolte,SMARTPHONE,lcd,YES,,,,,,,,,,
samsung i9060,SMARTPHONE,charge,YES,,,,,,,,,,
cidea,PAD,touch,YES,,,,,,,,,,
samsung j3pro,SMARTPHONE,lcd,YES,,,,,,,,,,
condor t2,SMARTPHONE,charge,YES,,,,,,,,,,
redmi note7pro,SMARTPHONE,off,NO,,,,,,,,,,
condor a8,SMARTPHONE,off,NO,,,,,,,,,,
samsung a750,SMARTPHONE,lock,YES,,,,,,,,,,
redmi note9pro,SMARTPHONE,off,YES,,,,,,,,,,
huawei y62018,SMARTPHONE,lcd,YES,,,,,,,,,,
oppo a5s,SMARTPHONE,lcd,YES,,,,,,,,,,
samsung a10s,SMARTPHONE,charge,YES,,,,,,,,,,
condor l3+,SMARTPHONE,lcd,YES,,,,,,,,,,
redmi note 8 ,SMARTPHONE,lcd,YES,,,,,,,,,,
condor t9,SMARTPHONE,off,YES,,,,,,,,,,
condor l2 pro ,SMARTPHONE,charge,YES,,,,,,,,,,
samsung b310,CELL,mic,YES,,,,,,,,,,
condor l3 smart,SMARTPHONE,lcd,YES,,,,,,,,,,
tecno pop2f,SMARTPHONE,off,NO,,,,,,,,,,
starlight m08,CELL,lcd,YES,,,,,,,,,,
condor p6+,SMARTPHONE,charge,YES,,,,,,,,,,
tecno spark4,SMARTPHONE,lcd,YES,,,,,,,,,,
samsung j4,SMARTPHONE,lcd,YES,,,,,,,,,,
oppo a15,SMARTPHONE,lcd,YES,,,,,,,,,,
redmi note7,SMARTPHONE,lcd,YES,,,,,,,,,,
condor p6prolte,SMARTPHONE,charge,YES,,,,,,,,,,
redmi 9,SMARTPHONE,lcd,YES,,,,,,,,,,
lg xpower2,SMARTPHONE,lcd,YES,,,,,,,,,,
samsung a11,SMARTPHONE,lcd,YES,,,,,,,,,,
samsung m20,SMARTPHONE,flash,NO,,,,,,,,,,
samsung a10s ,SMARTPHONE,frp,YES,,,,,,,,,,
oppo a5s,SMARTPHONE,lcd,YES,,,,,,,,,,
samsung j7prime,SMARTPHONE,flash,NO,,,,,,,,,,
samsung j7prime,SMARTPHONE,lcd,YES,,,,,,,,,,
tecno pouvoir3,SMARTPHONE,charge,YES,,,,,,,,,,
condor 717,PAD,touch,YES,,,,,,,,,,
samsung b310,CELL,charge,YES,,,,,,,,,,
ace buzz1,SMARTPHONE,charge,YES,,,,,,,,,,
starlight m28,CELL,lcd,YES,,,,,,,,,,
lg q6,SMARTPHONE,lcd,YES,,,,,,,,,,
samsung j720216,SMARTPHONE,lcd,YES,,,,,,,,,,
lg q6,SMARTPHONE,charge,YES,,,,,,,,,,
redmi note8,SMARTPHONE,lock,YES,,,,,,,,,,
samsung e1200,SMARTPHONE,mic,YES,,,,,,,,,,
samsung j5pro,SMARTPHONE,lcd,YES,,,,,,,,,,
nokia c1,SMARTPHONE,lcd,YES,,,,,,,,,,
redmi 8a,SMARTPHONE,lcd,YES,,,,,,,,,,
oppo f7,SMARTPHONE,lcd,YES,,,,,,,,,,
condor ftrois,SMARTPHONE,mic,YES,,,,,,,,,,
oppo f1s,SMARTPHONE,lcd,YES,,,,,,,,,,
condor 717,SMARTPHONE,lcd,YES,,,,,,,,,,
oppo f11pro,SMARTPHONE,lcd,YES,,,,,,,,,,
samsung j7prime,SMARTPHONE,frp,YES,,,,,,,,,,
samsung j3pro,SMARTPHONE,charge,YES,,,,,,,,,,
oppo a1k,SMARTPHONE,lcd,YES,,,,,,,,,,
samsung b310,CELL,mic,YES,,,,,,,,,,
doogee x5max,SMARTPHONE,touch,YES,,,,,,,,,,
condor l2pro,SMARTPHONE,battery,YES,,,,,,,,,,
samsung m10s,SMARTPHONE,lcd,YES,,,,,,,,,,
samsung m20,SMARTPHONE,lcd,YES,,,,,,,,,,
lg k9,SMARTPHONE,lock,YES,,,,,,,,,,
lg xpower,SMARTPHONE,lcd,YES,,,,,,,,,,
samsung a10s,SMARTPHONE,charge,YES,,,,,,,,,,
condor 717,PAD,touch,YES,,,,,,,,,,
samsung a10s,SMARTPHONE,lcd,YES,,,,,,,,,,
starlight starplus,SMARTPHONE,lock,NO,,,,,,,,,,
iris is4,SMARTPHONE,lock,YES,,,,,,,,,,
redmi 9c,SMARTPHONE,off,NO,,,,,,,,,,
samsung a10s,SMARTPHONE,lcd,YES,,,,,,,,,,
samsung m20,SMARTPHONE,lcd,YES,,,,,,,,,,
iris g8060,PAD,touch,YES,,,,,,,,,,
condor l2pro,SMARTPHONE,lcd,YES,,,,,,,,,,
nokia 106,CELL,lcd,YES,,,,,,,,,,
redmi 9 ,SMARTPHONE,lcd,YES,,,,,,,,,,
huawei y9-2018,SMARTPHONE,lcd,YES,,,,,,,,,,
samsung a30,SMARTPHONE,lcd,YES,,,,,,,,,,
samsung j4+,SMARTPHONE,lcd,YES,,,,,,,,,,
huawei p9-lite,SMARTPHONE,frp,YES,,,,,,,,,,
samsung j7-2016,SMARTPHONE,lock,YES,,,,,,,,,,
condor p6prolte,SMARTPHONE,charge,YES,,,,,,,,,,
samsung a10s,SMARTPHONE,lcd,YES,,,,,,,,,,
condor m3,SMARTPHONE,battery,YES,,,,,,,,,,
samsung b310,SMARTPHONE,lcd,YES,,,,,,,,,,
nokia 106,CELL,lcd,YES,,,,,,,,,,
starlight m20,SMARTPHONE,lcd,YES,,,,,,,,,,
samsung b310,CELL,mic,YES,,,,,,,,,,
samsung g532,SMARTPHONE,off,NO,,,,,,,,,,
samsung a02,SMARTPHONE,frp,YES,,,,,,,,,,
huawei nova3i,SMARTPHONE,lcd,YES,,,,,,,,,,
samsung j3pro,SMARTPHONE,charge,YES,,,,,,,,,,
iris vox5,SMARTPHONE,touch,YES,,,,,,,,,,
iris n30,SMARTPHONE,charge,NO,,,,,,,,,,
nokia c1,SMARTPHONE,lcd,YES,,,,,,,,,,
samsung j4,SMARTPHONE,lcd,YES,,,,,,,,,,
